,pl94,state,county,tract,blkgrp,block,cdp
al,https://www2.census.gov/programs-surveys/decennial/2020/data/01-Redistricting_File--PL_94-171/Alabama/al2020.pl.zip,https://www2.census.gov/geo/tiger/TIGER2020PL/STATE/01_ALABAMA/01/tl_2020_01_state20.zip,https://www2.census.gov/geo/tiger/TIGER2020PL/STATE/01_ALABAMA/01/tl_2020_01_county20.zip,https://www2.census.gov/geo/tiger/TIGER2020PL/STATE/01_ALABAMA/01/tl_2020_01_tract20.zip,https://www2.census.gov/geo/tiger/TIGER2020PL/STATE/01_ALABAMA/01/tl_2020_01_bg20.zip,https://www2.census.gov/geo/tiger/TIGER2020PL/STATE/01_ALABAMA/01/tl_2020_01_tabblock20.zip,https://www2.census.gov/geo/tiger/TIGER2020PL/STATE/01_ALABAMA/01/tl_2020_01_place20.zip
ak,https://www2.census.gov/programs-surveys/decennial/2020/data/01-Redistricting_File--PL_94-171/Alaska/ak2020.pl.zip,https://www2.census.gov/geo/tiger/TIGER2020PL/STATE/02_ALASKA/02/tl_2020_02_state20.zip,https://www2.census.gov/geo/tiger/TIGER2020PL/STATE/02_ALASKA/02/tl_2020_02_county20.zip,https://www2.census.gov/geo/tiger/TIGER2020PL/STATE/02_ALASKA/02/tl_2020_02_tract20.zip,https://www2.census.gov/geo/tiger/TIGER2020PL/STATE/02_ALASKA/02/tl_2020_02_bg20.zip,https://www2.census.gov/geo/tiger/TIGER2020PL/STATE/02_ALASKA/02/tl_2020_02_tabblock20.zip,https://www2.census.gov/geo/tiger/TIGER2020PL/STATE/02_ALASKA/02/tl_2020_02_place20.zip
az,https://www2.census.gov/programs-surveys/decennial/2020/data/01-Redistricting_File--PL_94-171/Arizona/az2020.pl.zip,https://www2.census.gov/geo/tiger/TIGER2020PL/STATE/04_ARIZONA/04/tl_2020_04_state20.zip,https://www2.census.gov/geo/tiger/TIGER2020PL/STATE/04_ARIZONA/04/tl_2020_04_county20.zip,https://www2.census.gov/geo/tiger/TIGER2020PL/STATE/04_ARIZONA/04/tl_2020_04_tract20.zip,https://www2.census.gov/geo/tiger/TIGER2020PL/STATE/04_ARIZONA/04/tl_2020_04_bg20.zip,https://www2.census.gov/geo/tiger/TIGER2020PL/STATE/04_ARIZONA/04/tl_2020_04_tabblock20.zip,https://www2.census.gov/geo/tiger/TIGER2020PL/STATE/04_ARIZONA/04/tl_2020_04_place20.zip
ar,https://www2.census.gov/programs-surveys/decennial/2020/data/01-Redistricting_File--PL_94-171/Arkansas/ar2020.pl.zip,https://www2.census.gov/geo/tiger/TIGER2020PL/STATE/05_ARKANSAS/05/tl_2020_05_state20.zip,https://www2.census.gov/geo/tiger/TIGER2020PL/STATE/05_ARKANSAS/05/tl_2020_05_county20.zip,https://www2.census.gov/geo/tiger/TIGER2020PL/STATE/05_ARKANSAS/05/tl_2020_05_tract20.zip,https://www2.census.gov/geo/tiger/TIGER2020PL/STATE/05_ARKANSAS/05/tl_2020_05_bg20.zip,https://www2.census.gov/geo/tiger/TIGER2020PL/STATE/05_ARKANSAS/05/tl_2020_05_tabblock20.zip,https://www2.census.gov/geo/tiger/TIGER2020PL/STATE/05_ARKANSAS/05/tl_2020_05_place20.zip
ca,https://www2.census.gov/programs-surveys/decennial/2020/data/01-Redistricting_File--PL_94-171/California/ca2020.pl.zip,https://www2.census.gov/geo/tiger/TIGER2020PL/STATE/06_CALIFORNIA/06/tl_2020_06_state20.zip,https://www2.census.gov/geo/tiger/TIGER2020PL/STATE/06_CALIFORNIA/06/tl_2020_06_county20.zip,https://www2.census.gov/geo/tiger/TIGER2020PL/STATE/06_CALIFORNIA/06/tl_2020_06_tract20.zip,https://www2.census.gov/geo/tiger/TIGER2020PL/STATE/06_CALIFORNIA/06/tl_2020_06_bg20.zip,https://www2.census.gov/geo/tiger/TIGER2020PL/STATE/06_CALIFORNIA/06/tl_2020_06_tabblock20.zip,https://www2.census.gov/geo/tiger/TIGER2020PL/STATE/06_CALIFORNIA/06/tl_2020_06_place20.zip
co,https://www2.census.gov/programs-surveys/decennial/2020/data/01-Redistricting_File--PL_94-171/Colorado/co2020.pl.zip,https://www2.census.gov/geo/tiger/TIGER2020PL/STATE/08_COLORADO/08/tl_2020_08_state20.zip,https://www2.census.gov/geo/tiger/TIGER2020PL/STATE/08_COLORADO/08/tl_2020_08_county20.zip,https://www2.census.gov/geo/tiger/TIGER2020PL/STATE/08_COLORADO/08/tl_2020_08_tract20.zip,https://www2.census.gov/geo/tiger/TIGER2020PL/STATE/08_COLORADO/08/tl_2020_08_bg20.zip,https://www2.census.gov/geo/tiger/TIGER2020PL/STATE/08_COLORADO/08/tl_2020_08_tabblock20.zip,https://www2.census.gov/geo/tiger/TIGER2020PL/STATE/08_COLORADO/08/tl_2020_08_place20.zip
ct,https://www2.census.gov/programs-surveys/decennial/2020/data/01-Redistricting_File--PL_94-171/Connecticut/ct2020.pl.zip,https://www2.census.gov/geo/tiger/TIGER2020PL/STATE/09_CONNECTICUT/09/tl_2020_09_state20.zip,https://www2.census.gov/geo/tiger/TIGER2020PL/STATE/09_CONNECTICUT/09/tl_2020_09_county20.zip,https://www2.census.gov/geo/tiger/TIGER2020PL/STATE/09_CONNECTICUT/09/tl_2020_09_tract20.zip,https://www2.census.gov/geo/tiger/TIGER2020PL/STATE/09_CONNECTICUT/09/tl_2020_09_bg20.zip,https://www2.census.gov/geo/tiger/TIGER2020PL/STATE/09_CONNECTICUT/09/tl_2020_09_tabblock20.zip,https://www2.census.gov/geo/tiger/TIGER2020PL/STATE/09_CONNECTICUT/09/tl_2020_09_place20.zip
de,https://www2.census.gov/programs-surveys/decennial/2020/data/01-Redistricting_File--PL_94-171/Delaware/de2020.pl.zip,https://www2.census.gov/geo/tiger/TIGER2020PL/STATE/10_DELAWARE/10/tl_2020_10_state20.zip,https://www2.census.gov/geo/tiger/TIGER2020PL/STATE/10_DELAWARE/10/tl_2020_10_county20.zip,https://www2.census.gov/geo/tiger/TIGER2020PL/STATE/10_DELAWARE/10/tl_2020_10_tract20.zip,https://www2.census.gov/geo/tiger/TIGER2020PL/STATE/10_DELAWARE/10/tl_2020_10_bg20.zip,https://www2.census.gov/geo/tiger/TIGER2020PL/STATE/10_DELAWARE/10/tl_2020_10_tabblock20.zip,https://www2.census.gov/geo/tiger/TIGER2020PL/STATE/10_DELAWARE/10/tl_2020_10_place20.zip
dc,https://www2.census.gov/programs-surveys/decennial/2020/data/01-Redistricting_File--PL_94-171/District_of_Columbia/dc2020.pl.zip,https://www2.census.gov/geo/tiger/TIGER2020PL/STATE/11_DISTRICT_OF_COLUMBIA/11/tl_2020_11_state20.zip,https://www2.census.gov/geo/tiger/TIGER2020PL/STATE/11_DISTRICT_OF_COLUMBIA/11/tl_2020_11_county20.zip,https://www2.census.gov/geo/tiger/TIGER2020PL/STATE/11_DISTRICT_OF_COLUMBIA/11/tl_2020_11_tract20.zip,https://www2.census.gov/geo/tiger/TIGER2020PL/STATE/11_DISTRICT_OF_COLUMBIA/11/tl_2020_11_bg20.zip,https://www2.census.gov/geo/tiger/TIGER2020PL/STATE/11_DISTRICT_OF_COLUMBIA/11/tl_2020_11_tabblock20.zip,https://www2.census.gov/geo/tiger/TIGER2020PL/STATE/11_DISTRICT_OF_COLUMBIA/11/tl_2020_11_place20.zip
fl,https://www2.census.gov/programs-surveys/decennial/2020/data/01-Redistricting_File--PL_94-171/Florida/fl2020.pl.zip,https://www2.census.gov/geo/tiger/TIGER2020PL/STATE/12_FLORIDA/12/tl_2020_12_state20.zip,https://www2.census.gov/geo/tiger/TIGER2020PL/STATE/12_FLORIDA/12/tl_2020_12_county20.zip,https://www2.census.gov/geo/tiger/TIGER2020PL/STATE/12_FLORIDA/12/tl_2020_12_tract20.zip,https://www2.census.gov/geo/tiger/TIGER2020PL/STATE/12_FLORIDA/12/tl_2020_12_bg20.zip,https://www2.census.gov/geo/tiger/TIGER2020PL/STATE/12_FLORIDA/12/tl_2020_12_tabblock20.zip,https://www2.census.gov/geo/tiger/TIGER2020PL/STATE/12_FLORIDA/12/tl_2020_12_place20.zip
ga,https://www2.census.gov/programs-surveys/decennial/2020/data/01-Redistricting_File--PL_94-171/Georgia/ga2020.pl.zip,https://www2.census.gov/geo/tiger/TIGER2020PL/STATE/13_GEORGIA/13/tl_2020_13_state20.zip,https://www2.census.gov/geo/tiger/TIGER2020PL/STATE/13_GEORGIA/13/tl_2020_13_county20.zip,https://www2.census.gov/geo/tiger/TIGER2020PL/STATE/13_GEORGIA/13/tl_2020_13_tract20.zip,https://www2.census.gov/geo/tiger/TIGER2020PL/STATE/13_GEORGIA/13/tl_2020_13_bg20.zip,https://www2.census.gov/geo/tiger/TIGER2020PL/STATE/13_GEORGIA/13/tl_2020_13_tabblock20.zip,https://www2.census.gov/geo/tiger/TIGER2020PL/STATE/13_GEORGIA/13/tl_2020_13_place20.zip
hi,https://www2.census.gov/programs-surveys/decennial/2020/data/01-Redistricting_File--PL_94-171/Hawaii/hi2020.pl.zip,https://www2.census.gov/geo/tiger/TIGER2020PL/STATE/15_HAWAII/15/tl_2020_15_state20.zip,https://www2.census.gov/geo/tiger/TIGER2020PL/STATE/15_HAWAII/15/tl_2020_15_county20.zip,https://www2.census.gov/geo/tiger/TIGER2020PL/STATE/15_HAWAII/15/tl_2020_15_tract20.zip,https://www2.census.gov/geo/tiger/TIGER2020PL/STATE/15_HAWAII/15/tl_2020_15_bg20.zip,https://www2.census.gov/geo/tiger/TIGER2020PL/STATE/15_HAWAII/15/tl_2020_15_tabblock20.zip,https://www2.census.gov/geo/tiger/TIGER2020PL/STATE/15_HAWAII/15/tl_2020_15_place20.zip
id,https://www2.census.gov/programs-surveys/decennial/2020/data/01-Redistricting_File--PL_94-171/Idaho/id2020.pl.zip,https://www2.census.gov/geo/tiger/TIGER2020PL/STATE/16_IDAHO/16/tl_2020_16_state20.zip,https://www2.census.gov/geo/tiger/TIGER2020PL/STATE/16_IDAHO/16/tl_2020_16_county20.zip,https://www2.census.gov/geo/tiger/TIGER2020PL/STATE/16_IDAHO/16/tl_2020_16_tract20.zip,https://www2.census.gov/geo/tiger/TIGER2020PL/STATE/16_IDAHO/16/tl_2020_16_bg20.zip,https://www2.census.gov/geo/tiger/TIGER2020PL/STATE/16_IDAHO/16/tl_2020_16_tabblock20.zip,https://www2.census.gov/geo/tiger/TIGER2020PL/STATE/16_IDAHO/16/tl_2020_16_place20.zip
il,https://www2.census.gov/programs-surveys/decennial/2020/data/01-Redistricting_File--PL_94-171/Illinois/il2020.pl.zip,https://www2.census.gov/geo/tiger/TIGER2020PL/STATE/17_ILLINOIS/17/tl_2020_17_state20.zip,https://www2.census.gov/geo/tiger/TIGER2020PL/STATE/17_ILLINOIS/17/tl_2020_17_county20.zip,https://www2.census.gov/geo/tiger/TIGER2020PL/STATE/17_ILLINOIS/17/tl_2020_17_tract20.zip,https://www2.census.gov/geo/tiger/TIGER2020PL/STATE/17_ILLINOIS/17/tl_2020_17_bg20.zip,https://www2.census.gov/geo/tiger/TIGER2020PL/STATE/17_ILLINOIS/17/tl_2020_17_tabblock20.zip,https://www2.census.gov/geo/tiger/TIGER2020PL/STATE/17_ILLINOIS/17/tl_2020_17_place20.zip
in,https://www2.census.gov/programs-surveys/decennial/2020/data/01-Redistricting_File--PL_94-171/Indiana/in2020.pl.zip,https://www2.census.gov/geo/tiger/TIGER2020PL/STATE/18_INDIANA/18/tl_2020_18_state20.zip,https://www2.census.gov/geo/tiger/TIGER2020PL/STATE/18_INDIANA/18/tl_2020_18_county20.zip,https://www2.census.gov/geo/tiger/TIGER2020PL/STATE/18_INDIANA/18/tl_2020_18_tract20.zip,https://www2.census.gov/geo/tiger/TIGER2020PL/STATE/18_INDIANA/18/tl_2020_18_bg20.zip,https://www2.census.gov/geo/tiger/TIGER2020PL/STATE/18_INDIANA/18/tl_2020_18_tabblock20.zip,https://www2.census.gov/geo/tiger/TIGER2020PL/STATE/18_INDIANA/18/tl_2020_18_place20.zip
ia,https://www2.census.gov/programs-surveys/decennial/2020/data/01-Redistricting_File--PL_94-171/Iowa/ia2020.pl.zip,https://www2.census.gov/geo/tiger/TIGER2020PL/STATE/19_IOWA/19/tl_2020_19_state20.zip,https://www2.census.gov/geo/tiger/TIGER2020PL/STATE/19_IOWA/19/tl_2020_19_county20.zip,https://www2.census.gov/geo/tiger/TIGER2020PL/STATE/19_IOWA/19/tl_2020_19_tract20.zip,https://www2.census.gov/geo/tiger/TIGER2020PL/STATE/19_IOWA/19/tl_2020_19_bg20.zip,https://www2.census.gov/geo/tiger/TIGER2020PL/STATE/19_IOWA/19/tl_2020_19_tabblock20.zip,https://www2.census.gov/geo/tiger/TIGER2020PL/STATE/19_IOWA/19/tl_2020_19_place20.zip
ks,https://www2.census.gov/programs-surveys/decennial/2020/data/01-Redistricting_File--PL_94-171/Kansas/ks2020.pl.zip,https://www2.census.gov/geo/tiger/TIGER2020PL/STATE/20_KANSAS/20/tl_2020_20_state20.zip,https://www2.census.gov/geo/tiger/TIGER2020PL/STATE/20_KANSAS/20/tl_2020_20_county20.zip,https://www2.census.gov/geo/tiger/TIGER2020PL/STATE/20_KANSAS/20/tl_2020_20_tract20.zip,https://www2.census.gov/geo/tiger/TIGER2020PL/STATE/20_KANSAS/20/tl_2020_20_bg20.zip,https://www2.census.gov/geo/tiger/TIGER2020PL/STATE/20_KANSAS/20/tl_2020_20_tabblock20.zip,https://www2.census.gov/geo/tiger/TIGER2020PL/STATE/20_KANSAS/20/tl_2020_20_place20.zip
ky,https://www2.census.gov/programs-surveys/decennial/2020/data/01-Redistricting_File--PL_94-171/Kentucky/ky2020.pl.zip,https://www2.census.gov/geo/tiger/TIGER2020PL/STATE/21_KENTUCKY/21/tl_2020_21_state20.zip,https://www2.census.gov/geo/tiger/TIGER2020PL/STATE/21_KENTUCKY/21/tl_2020_21_county20.zip,https://www2.census.gov/geo/tiger/TIGER2020PL/STATE/21_KENTUCKY/21/tl_2020_21_tract20.zip,https://www2.census.gov/geo/tiger/TIGER2020PL/STATE/21_KENTUCKY/21/tl_2020_21_bg20.zip,https://www2.census.gov/geo/tiger/TIGER2020PL/STATE/21_KENTUCKY/21/tl_2020_21_tabblock20.zip,https://www2.census.gov/geo/tiger/TIGER2020PL/STATE/21_KENTUCKY/21/tl_2020_21_place20.zip
la,https://www2.census.gov/programs-surveys/decennial/2020/data/01-Redistricting_File--PL_94-171/Louisiana/la2020.pl.zip,https://www2.census.gov/geo/tiger/TIGER2020PL/STATE/22_LOUISIANA/22/tl_2020_22_state20.zip,https://www2.census.gov/geo/tiger/TIGER2020PL/STATE/22_LOUISIANA/22/tl_2020_22_county20.zip,https://www2.census.gov/geo/tiger/TIGER2020PL/STATE/22_LOUISIANA/22/tl_2020_22_tract20.zip,https://www2.census.gov/geo/tiger/TIGER2020PL/STATE/22_LOUISIANA/22/tl_2020_22_bg20.zip,https://www2.census.gov/geo/tiger/TIGER2020PL/STATE/22_LOUISIANA/22/tl_2020_22_tabblock20.zip,https://www2.census.gov/geo/tiger/TIGER2020PL/STATE/22_LOUISIANA/22/tl_2020_22_place20.zip
me,https://www2.census.gov/programs-surveys/decennial/2020/data/01-Redistricting_File--PL_94-171/Maine/me2020.pl.zip,https://www2.census.gov/geo/tiger/TIGER2020PL/STATE/23_MAINE/23/tl_2020_23_state20.zip,https://www2.census.gov/geo/tiger/TIGER2020PL/STATE/23_MAINE/23/tl_2020_23_county20.zip,https://www2.census.gov/geo/tiger/TIGER2020PL/STATE/23_MAINE/23/tl_2020_23_tract20.zip,https://www2.census.gov/geo/tiger/TIGER2020PL/STATE/23_MAINE/23/tl_2020_23_bg20.zip,https://www2.census.gov/geo/tiger/TIGER2020PL/STATE/23_MAINE/23/tl_2020_23_tabblock20.zip,https://www2.census.gov/geo/tiger/TIGER2020PL/STATE/23_MAINE/23/tl_2020_23_place20.zip
md,https://www2.census.gov/programs-surveys/decennial/2020/data/01-Redistricting_File--PL_94-171/Maryland/md2020.pl.zip,https://www2.census.gov/geo/tiger/TIGER2020PL/STATE/24_MARYLAND/24/tl_2020_24_state20.zip,https://www2.census.gov/geo/tiger/TIGER2020PL/STATE/24_MARYLAND/24/tl_2020_24_county20.zip,https://www2.census.gov/geo/tiger/TIGER2020PL/STATE/24_MARYLAND/24/tl_2020_24_tract20.zip,https://www2.census.gov/geo/tiger/TIGER2020PL/STATE/24_MARYLAND/24/tl_2020_24_bg20.zip,https://www2.census.gov/geo/tiger/TIGER2020PL/STATE/24_MARYLAND/24/tl_2020_24_tabblock20.zip,https://www2.census.gov/geo/tiger/TIGER2020PL/STATE/24_MARYLAND/24/tl_2020_24_place20.zip
ma,https://www2.census.gov/programs-surveys/decennial/2020/data/01-Redistricting_File--PL_94-171/Massachusetts/ma2020.pl.zip,https://www2.census.gov/geo/tiger/TIGER2020PL/STATE/25_MASSACHUSETTS/25/tl_2020_25_state20.zip,https://www2.census.gov/geo/tiger/TIGER2020PL/STATE/25_MASSACHUSETTS/25/tl_2020_25_county20.zip,https://www2.census.gov/geo/tiger/TIGER2020PL/STATE/25_MASSACHUSETTS/25/tl_2020_25_tract20.zip,https://www2.census.gov/geo/tiger/TIGER2020PL/STATE/25_MASSACHUSETTS/25/tl_2020_25_bg20.zip,https://www2.census.gov/geo/tiger/TIGER2020PL/STATE/25_MASSACHUSETTS/25/tl_2020_25_tabblock20.zip,https://www2.census.gov/geo/tiger/TIGER2020PL/STATE/25_MASSACHUSETTS/25/tl_2020_25_place20.zip
mi,https://www2.census.gov/programs-surveys/decennial/2020/data/01-Redistricting_File--PL_94-171/Michigan/mi2020.pl.zip,https://www2.census.gov/geo/tiger/TIGER2020PL/STATE/26_MICHIGAN/26/tl_2020_26_state20.zip,https://www2.census.gov/geo/tiger/TIGER2020PL/STATE/26_MICHIGAN/26/tl_2020_26_county20.zip,https://www2.census.gov/geo/tiger/TIGER2020PL/STATE/26_MICHIGAN/26/tl_2020_26_tract20.zip,https://www2.census.gov/geo/tiger/TIGER2020PL/STATE/26_MICHIGAN/26/tl_2020_26_bg20.zip,https://www2.census.gov/geo/tiger/TIGER2020PL/STATE/26_MICHIGAN/26/tl_2020_26_tabblock20.zip,https://www2.census.gov/geo/tiger/TIGER2020PL/STATE/26_MICHIGAN/26/tl_2020_26_place20.zip
mn,https://www2.census.gov/programs-surveys/decennial/2020/data/01-Redistricting_File--PL_94-171/Minnesota/mn2020.pl.zip,https://www2.census.gov/geo/tiger/TIGER2020PL/STATE/27_MINNESOTA/27/tl_2020_27_state20.zip,https://www2.census.gov/geo/tiger/TIGER2020PL/STATE/27_MINNESOTA/27/tl_2020_27_county20.zip,https://www2.census.gov/geo/tiger/TIGER2020PL/STATE/27_MINNESOTA/27/tl_2020_27_tract20.zip,https://www2.census.gov/geo/tiger/TIGER2020PL/STATE/27_MINNESOTA/27/tl_2020_27_bg20.zip,https://www2.census.gov/geo/tiger/TIGER2020PL/STATE/27_MINNESOTA/27/tl_2020_27_tabblock20.zip,https://www2.census.gov/geo/tiger/TIGER2020PL/STATE/27_MINNESOTA/27/tl_2020_27_place20.zip
ms,https://www2.census.gov/programs-surveys/decennial/2020/data/01-Redistricting_File--PL_94-171/Mississippi/ms2020.pl.zip,https://www2.census.gov/geo/tiger/TIGER2020PL/STATE/28_MISSISSIPPI/28/tl_2020_28_state20.zip,https://www2.census.gov/geo/tiger/TIGER2020PL/STATE/28_MISSISSIPPI/28/tl_2020_28_county20.zip,https://www2.census.gov/geo/tiger/TIGER2020PL/STATE/28_MISSISSIPPI/28/tl_2020_28_tract20.zip,https://www2.census.gov/geo/tiger/TIGER2020PL/STATE/28_MISSISSIPPI/28/tl_2020_28_bg20.zip,https://www2.census.gov/geo/tiger/TIGER2020PL/STATE/28_MISSISSIPPI/28/tl_2020_28_tabblock20.zip,https://www2.census.gov/geo/tiger/TIGER2020PL/STATE/28_MISSISSIPPI/28/tl_2020_28_place20.zip
mo,https://www2.census.gov/programs-surveys/decennial/2020/data/01-Redistricting_File--PL_94-171/Missouri/mo2020.pl.zip,https://www2.census.gov/geo/tiger/TIGER2020PL/STATE/29_MISSOURI/29/tl_2020_29_state20.zip,https://www2.census.gov/geo/tiger/TIGER2020PL/STATE/29_MISSOURI/29/tl_2020_29_county20.zip,https://www2.census.gov/geo/tiger/TIGER2020PL/STATE/29_MISSOURI/29/tl_2020_29_tract20.zip,https://www2.census.gov/geo/tiger/TIGER2020PL/STATE/29_MISSOURI/29/tl_2020_29_bg20.zip,https://www2.census.gov/geo/tiger/TIGER2020PL/STATE/29_MISSOURI/29/tl_2020_29_tabblock20.zip,https://www2.census.gov/geo/tiger/TIGER2020PL/STATE/29_MISSOURI/29/tl_2020_29_place20.zip
mt,https://www2.census.gov/programs-surveys/decennial/2020/data/01-Redistricting_File--PL_94-171/Montana/mt2020.pl.zip,https://www2.census.gov/geo/tiger/TIGER2020PL/STATE/30_MONTANA/30/tl_2020_30_state20.zip,https://www2.census.gov/geo/tiger/TIGER2020PL/STATE/30_MONTANA/30/tl_2020_30_county20.zip,https://www2.census.gov/geo/tiger/TIGER2020PL/STATE/30_MONTANA/30/tl_2020_30_tract20.zip,https://www2.census.gov/geo/tiger/TIGER2020PL/STATE/30_MONTANA/30/tl_2020_30_bg20.zip,https://www2.census.gov/geo/tiger/TIGER2020PL/STATE/30_MONTANA/30/tl_2020_30_tabblock20.zip,https://www2.census.gov/geo/tiger/TIGER2020PL/STATE/30_MONTANA/30/tl_2020_30_place20.zip
ne,https://www2.census.gov/programs-surveys/decennial/2020/data/01-Redistricting_File--PL_94-171/Nebraska/ne2020.pl.zip,https://www2.census.gov/geo/tiger/TIGER2020PL/STATE/31_NEBRASKA/31/tl_2020_31_state20.zip,https://www2.census.gov/geo/tiger/TIGER2020PL/STATE/31_NEBRASKA/31/tl_2020_31_county20.zip,https://www2.census.gov/geo/tiger/TIGER2020PL/STATE/31_NEBRASKA/31/tl_2020_31_tract20.zip,https://www2.census.gov/geo/tiger/TIGER2020PL/STATE/31_NEBRASKA/31/tl_2020_31_bg20.zip,https://www2.census.gov/geo/tiger/TIGER2020PL/STATE/31_NEBRASKA/31/tl_2020_31_tabblock20.zip,https://www2.census.gov/geo/tiger/TIGER2020PL/STATE/31_NEBRASKA/31/tl_2020_31_place20.zip
nv,https://www2.census.gov/programs-surveys/decennial/2020/data/01-Redistricting_File--PL_94-171/Nevada/nv2020.pl.zip,https://www2.census.gov/geo/tiger/TIGER2020PL/STATE/32_NEVADA/32/tl_2020_32_state20.zip,https://www2.census.gov/geo/tiger/TIGER2020PL/STATE/32_NEVADA/32/tl_2020_32_county20.zip,https://www2.census.gov/geo/tiger/TIGER2020PL/STATE/32_NEVADA/32/tl_2020_32_tract20.zip,https://www2.census.gov/geo/tiger/TIGER2020PL/STATE/32_NEVADA/32/tl_2020_32_bg20.zip,https://www2.census.gov/geo/tiger/TIGER2020PL/STATE/32_NEVADA/32/tl_2020_32_tabblock20.zip,https://www2.census.gov/geo/tiger/TIGER2020PL/STATE/32_NEVADA/32/tl_2020_32_place20.zip
nh,https://www2.census.gov/programs-surveys/decennial/2020/data/01-Redistricting_File--PL_94-171/New_Hampshire/nh2020.pl.zip,https://www2.census.gov/geo/tiger/TIGER2020PL/STATE/33_NEW_HAMPSHIRE/33/tl_2020_33_state20.zip,https://www2.census.gov/geo/tiger/TIGER2020PL/STATE/33_NEW_HAMPSHIRE/33/tl_2020_33_county20.zip,https://www2.census.gov/geo/tiger/TIGER2020PL/STATE/33_NEW_HAMPSHIRE/33/tl_2020_33_tract20.zip,https://www2.census.gov/geo/tiger/TIGER2020PL/STATE/33_NEW_HAMPSHIRE/33/tl_2020_33_bg20.zip,https://www2.census.gov/geo/tiger/TIGER2020PL/STATE/33_NEW_HAMPSHIRE/33/tl_2020_33_tabblock20.zip,https://www2.census.gov/geo/tiger/TIGER2020PL/STATE/33_NEW_HAMPSHIRE/33/tl_2020_33_place20.zip
nj,https://www2.census.gov/programs-surveys/decennial/2020/data/01-Redistricting_File--PL_94-171/New_Jersey/nj2020.pl.zip,https://www2.census.gov/geo/tiger/TIGER2020PL/STATE/34_NEW_JERSEY/34/tl_2020_34_state20.zip,https://www2.census.gov/geo/tiger/TIGER2020PL/STATE/34_NEW_JERSEY/34/tl_2020_34_county20.zip,https://www2.census.gov/geo/tiger/TIGER2020PL/STATE/34_NEW_JERSEY/34/tl_2020_34_tract20.zip,https://www2.census.gov/geo/tiger/TIGER2020PL/STATE/34_NEW_JERSEY/34/tl_2020_34_bg20.zip,https://www2.census.gov/geo/tiger/TIGER2020PL/STATE/34_NEW_JERSEY/34/tl_2020_34_tabblock20.zip,https://www2.census.gov/geo/tiger/TIGER2020PL/STATE/34_NEW_JERSEY/34/tl_2020_34_place20.zip
nm,https://www2.census.gov/programs-surveys/decennial/2020/data/01-Redistricting_File--PL_94-171/New_Mexico/nm2020.pl.zip,https://www2.census.gov/geo/tiger/TIGER2020PL/STATE/35_NEW_MEXICO/35/tl_2020_35_state20.zip,https://www2.census.gov/geo/tiger/TIGER2020PL/STATE/35_NEW_MEXICO/35/tl_2020_35_county20.zip,https://www2.census.gov/geo/tiger/TIGER2020PL/STATE/35_NEW_MEXICO/35/tl_2020_35_tract20.zip,https://www2.census.gov/geo/tiger/TIGER2020PL/STATE/35_NEW_MEXICO/35/tl_2020_35_bg20.zip,https://www2.census.gov/geo/tiger/TIGER2020PL/STATE/35_NEW_MEXICO/35/tl_2020_35_tabblock20.zip,https://www2.census.gov/geo/tiger/TIGER2020PL/STATE/35_NEW_MEXICO/35/tl_2020_35_place20.zip
ny,https://www2.census.gov/programs-surveys/decennial/2020/data/01-Redistricting_File--PL_94-171/New_York/ny2020.pl.zip,https://www2.census.gov/geo/tiger/TIGER2020PL/STATE/36_NEW_YORK/36/tl_2020_36_state20.zip,https://www2.census.gov/geo/tiger/TIGER2020PL/STATE/36_NEW_YORK/36/tl_2020_36_county20.zip,https://www2.census.gov/geo/tiger/TIGER2020PL/STATE/36_NEW_YORK/36/tl_2020_36_tract20.zip,https://www2.census.gov/geo/tiger/TIGER2020PL/STATE/36_NEW_YORK/36/tl_2020_36_bg20.zip,https://www2.census.gov/geo/tiger/TIGER2020PL/STATE/36_NEW_YORK/36/tl_2020_36_tabblock20.zip,https://www2.census.gov/geo/tiger/TIGER2020PL/STATE/36_NEW_YORK/36/tl_2020_36_place20.zip
nc,https://www2.census.gov/programs-surveys/decennial/2020/data/01-Redistricting_File--PL_94-171/North_Carolina/nc2020.pl.zip,https://www2.census.gov/geo/tiger/TIGER2020PL/STATE/37_NORTH_CAROLINA/37/tl_2020_37_state20.zip,https://www2.census.gov/geo/tiger/TIGER2020PL/STATE/37_NORTH_CAROLINA/37/tl_2020_37_county20.zip,https://www2.census.gov/geo/tiger/TIGER2020PL/STATE/37_NORTH_CAROLINA/37/tl_2020_37_tract20.zip,https://www2.census.gov/geo/tiger/TIGER2020PL/STATE/37_NORTH_CAROLINA/37/tl_2020_37_bg20.zip,https://www2.census.gov/geo/tiger/TIGER2020PL/STATE/37_NORTH_CAROLINA/37/tl_2020_37_tabblock20.zip,https://www2.census.gov/geo/tiger/TIGER2020PL/STATE/37_NORTH_CAROLINA/37/tl_2020_37_place20.zip
nd,https://www2.census.gov/programs-surveys/decennial/2020/data/01-Redistricting_File--PL_94-171/North_Dakota/nd2020.pl.zip,https://www2.census.gov/geo/tiger/TIGER2020PL/STATE/38_NORTH_DAKOTA/38/tl_2020_38_state20.zip,https://www2.census.gov/geo/tiger/TIGER2020PL/STATE/38_NORTH_DAKOTA/38/tl_2020_38_county20.zip,https://www2.census.gov/geo/tiger/TIGER2020PL/STATE/38_NORTH_DAKOTA/38/tl_2020_38_tract20.zip,https://www2.census.gov/geo/tiger/TIGER2020PL/STATE/38_NORTH_DAKOTA/38/tl_2020_38_bg20.zip,https://www2.census.gov/geo/tiger/TIGER2020PL/STATE/38_NORTH_DAKOTA/38/tl_2020_38_tabblock20.zip,https://www2.census.gov/geo/tiger/TIGER2020PL/STATE/38_NORTH_DAKOTA/38/tl_2020_38_place20.zip
oh,https://www2.census.gov/programs-surveys/decennial/2020/data/01-Redistricting_File--PL_94-171/Ohio/oh2020.pl.zip,https://www2.census.gov/geo/tiger/TIGER2020PL/STATE/39_OHIO/39/tl_2020_39_state20.zip,https://www2.census.gov/geo/tiger/TIGER2020PL/STATE/39_OHIO/39/tl_2020_39_county20.zip,https://www2.census.gov/geo/tiger/TIGER2020PL/STATE/39_OHIO/39/tl_2020_39_tract20.zip,https://www2.census.gov/geo/tiger/TIGER2020PL/STATE/39_OHIO/39/tl_2020_39_bg20.zip,https://www2.census.gov/geo/tiger/TIGER2020PL/STATE/39_OHIO/39/tl_2020_39_tabblock20.zip,https://www2.census.gov/geo/tiger/TIGER2020PL/STATE/39_OHIO/39/tl_2020_39_place20.zip
ok,https://www2.census.gov/programs-surveys/decennial/2020/data/01-Redistricting_File--PL_94-171/Oklahoma/ok2020.pl.zip,https://www2.census.gov/geo/tiger/TIGER2020PL/STATE/40_OKLAHOMA/40/tl_2020_40_state20.zip,https://www2.census.gov/geo/tiger/TIGER2020PL/STATE/40_OKLAHOMA/40/tl_2020_40_county20.zip,https://www2.census.gov/geo/tiger/TIGER2020PL/STATE/40_OKLAHOMA/40/tl_2020_40_tract20.zip,https://www2.census.gov/geo/tiger/TIGER2020PL/STATE/40_OKLAHOMA/40/tl_2020_40_bg20.zip,https://www2.census.gov/geo/tiger/TIGER2020PL/STATE/40_OKLAHOMA/40/tl_2020_40_tabblock20.zip,https://www2.census.gov/geo/tiger/TIGER2020PL/STATE/40_OKLAHOMA/40/tl_2020_40_place20.zip
or,https://www2.census.gov/programs-surveys/decennial/2020/data/01-Redistricting_File--PL_94-171/Oregon/or2020.pl.zip,https://www2.census.gov/geo/tiger/TIGER2020PL/STATE/41_OREGON/41/tl_2020_41_state20.zip,https://www2.census.gov/geo/tiger/TIGER2020PL/STATE/41_OREGON/41/tl_2020_41_county20.zip,https://www2.census.gov/geo/tiger/TIGER2020PL/STATE/41_OREGON/41/tl_2020_41_tract20.zip,https://www2.census.gov/geo/tiger/TIGER2020PL/STATE/41_OREGON/41/tl_2020_41_bg20.zip,https://www2.census.gov/geo/tiger/TIGER2020PL/STATE/41_OREGON/41/tl_2020_41_tabblock20.zip,https://www2.census.gov/geo/tiger/TIGER2020PL/STATE/41_OREGON/41/tl_2020_41_place20.zip
pa,https://www2.census.gov/programs-surveys/decennial/2020/data/01-Redistricting_File--PL_94-171/Pennsylvania/pa2020.pl.zip,https://www2.census.gov/geo/tiger/TIGER2020PL/STATE/42_PENNSYLVANIA/42/tl_2020_42_state20.zip,https://www2.census.gov/geo/tiger/TIGER2020PL/STATE/42_PENNSYLVANIA/42/tl_2020_42_county20.zip,https://www2.census.gov/geo/tiger/TIGER2020PL/STATE/42_PENNSYLVANIA/42/tl_2020_42_tract20.zip,https://www2.census.gov/geo/tiger/TIGER2020PL/STATE/42_PENNSYLVANIA/42/tl_2020_42_bg20.zip,https://www2.census.gov/geo/tiger/TIGER2020PL/STATE/42_PENNSYLVANIA/42/tl_2020_42_tabblock20.zip,https://www2.census.gov/geo/tiger/TIGER2020PL/STATE/42_PENNSYLVANIA/42/tl_2020_42_place20.zip
pr,https://www2.census.gov/programs-surveys/decennial/2020/data/01-Redistricting_File--PL_94-171/Puerto_Rico/pr2020.pl.zip,https://www2.census.gov/geo/tiger/TIGER2020PL/STATE/72_PUERTO_RICO/72/tl_2020_72_state20.zip,https://www2.census.gov/geo/tiger/TIGER2020PL/STATE/72_PUERTO_RICO/72/tl_2020_72_county20.zip,https://www2.census.gov/geo/tiger/TIGER2020PL/STATE/72_PUERTO_RICO/72/tl_2020_72_tract20.zip,https://www2.census.gov/geo/tiger/TIGER2020PL/STATE/72_PUERTO_RICO/72/tl_2020_72_bg20.zip,https://www2.census.gov/geo/tiger/TIGER2020PL/STATE/72_PUERTO_RICO/72/tl_2020_72_tabblock20.zip,https://www2.census.gov/geo/tiger/TIGER2020PL/STATE/72_PUERTO_RICO/72/tl_2020_72_place20.zip
ri,https://www2.census.gov/programs-surveys/decennial/2020/data/01-Redistricting_File--PL_94-171/Rhode_Island/ri2020.pl.zip,https://www2.census.gov/geo/tiger/TIGER2020PL/STATE/44_RHODE_ISLAND/44/tl_2020_44_state20.zip,https://www2.census.gov/geo/tiger/TIGER2020PL/STATE/44_RHODE_ISLAND/44/tl_2020_44_county20.zip,https://www2.census.gov/geo/tiger/TIGER2020PL/STATE/44_RHODE_ISLAND/44/tl_2020_44_tract20.zip,https://www2.census.gov/geo/tiger/TIGER2020PL/STATE/44_RHODE_ISLAND/44/tl_2020_44_bg20.zip,https://www2.census.gov/geo/tiger/TIGER2020PL/STATE/44_RHODE_ISLAND/44/tl_2020_44_tabblock20.zip,https://www2.census.gov/geo/tiger/TIGER2020PL/STATE/44_RHODE_ISLAND/44/tl_2020_44_place20.zip
sc,https://www2.census.gov/programs-surveys/decennial/2020/data/01-Redistricting_File--PL_94-171/South_Carolina/sc2020.pl.zip,https://www2.census.gov/geo/tiger/TIGER2020PL/STATE/45_SOUTH_CAROLINA/45/tl_2020_45_state20.zip,https://www2.census.gov/geo/tiger/TIGER2020PL/STATE/45_SOUTH_CAROLINA/45/tl_2020_45_county20.zip,https://www2.census.gov/geo/tiger/TIGER2020PL/STATE/45_SOUTH_CAROLINA/45/tl_2020_45_tract20.zip,https://www2.census.gov/geo/tiger/TIGER2020PL/STATE/45_SOUTH_CAROLINA/45/tl_2020_45_bg20.zip,https://www2.census.gov/geo/tiger/TIGER2020PL/STATE/45_SOUTH_CAROLINA/45/tl_2020_45_tabblock20.zip,https://www2.census.gov/geo/tiger/TIGER2020PL/STATE/45_SOUTH_CAROLINA/45/tl_2020_45_place20.zip
sd,https://www2.census.gov/programs-surveys/decennial/2020/data/01-Redistricting_File--PL_94-171/South_Dakota/sd2020.pl.zip,https://www2.census.gov/geo/tiger/TIGER2020PL/STATE/46_SOUTH_DAKOTA/46/tl_2020_46_state20.zip,https://www2.census.gov/geo/tiger/TIGER2020PL/STATE/46_SOUTH_DAKOTA/46/tl_2020_46_county20.zip,https://www2.census.gov/geo/tiger/TIGER2020PL/STATE/46_SOUTH_DAKOTA/46/tl_2020_46_tract20.zip,https://www2.census.gov/geo/tiger/TIGER2020PL/STATE/46_SOUTH_DAKOTA/46/tl_2020_46_bg20.zip,https://www2.census.gov/geo/tiger/TIGER2020PL/STATE/46_SOUTH_DAKOTA/46/tl_2020_46_tabblock20.zip,https://www2.census.gov/geo/tiger/TIGER2020PL/STATE/46_SOUTH_DAKOTA/46/tl_2020_46_place20.zip
tn,https://www2.census.gov/programs-surveys/decennial/2020/data/01-Redistricting_File--PL_94-171/Tennessee/tn2020.pl.zip,https://www2.census.gov/geo/tiger/TIGER2020PL/STATE/47_TENNESSEE/47/tl_2020_47_state20.zip,https://www2.census.gov/geo/tiger/TIGER2020PL/STATE/47_TENNESSEE/47/tl_2020_47_county20.zip,https://www2.census.gov/geo/tiger/TIGER2020PL/STATE/47_TENNESSEE/47/tl_2020_47_tract20.zip,https://www2.census.gov/geo/tiger/TIGER2020PL/STATE/47_TENNESSEE/47/tl_2020_47_bg20.zip,https://www2.census.gov/geo/tiger/TIGER2020PL/STATE/47_TENNESSEE/47/tl_2020_47_tabblock20.zip,https://www2.census.gov/geo/tiger/TIGER2020PL/STATE/47_TENNESSEE/47/tl_2020_47_place20.zip
tx,https://www2.census.gov/programs-surveys/decennial/2020/data/01-Redistricting_File--PL_94-171/Texas/tx2020.pl.zip,https://www2.census.gov/geo/tiger/TIGER2020PL/STATE/48_TEXAS/48/tl_2020_48_state20.zip,https://www2.census.gov/geo/tiger/TIGER2020PL/STATE/48_TEXAS/48/tl_2020_48_county20.zip,https://www2.census.gov/geo/tiger/TIGER2020PL/STATE/48_TEXAS/48/tl_2020_48_tract20.zip,https://www2.census.gov/geo/tiger/TIGER2020PL/STATE/48_TEXAS/48/tl_2020_48_bg20.zip,https://www2.census.gov/geo/tiger/TIGER2020PL/STATE/48_TEXAS/48/tl_2020_48_tabblock20.zip,https://www2.census.gov/geo/tiger/TIGER2020PL/STATE/48_TEXAS/48/tl_2020_48_place20.zip
ut,https://www2.census.gov/programs-surveys/decennial/2020/data/01-Redistricting_File--PL_94-171/Utah/ut2020.pl.zip,https://www2.census.gov/geo/tiger/TIGER2020PL/STATE/49_UTAH/49/tl_2020_49_state20.zip,https://www2.census.gov/geo/tiger/TIGER2020PL/STATE/49_UTAH/49/tl_2020_49_county20.zip,https://www2.census.gov/geo/tiger/TIGER2020PL/STATE/49_UTAH/49/tl_2020_49_tract20.zip,https://www2.census.gov/geo/tiger/TIGER2020PL/STATE/49_UTAH/49/tl_2020_49_bg20.zip,https://www2.census.gov/geo/tiger/TIGER2020PL/STATE/49_UTAH/49/tl_2020_49_tabblock20.zip,https://www2.census.gov/geo/tiger/TIGER2020PL/STATE/49_UTAH/49/tl_2020_49_place20.zip
vt,https://www2.census.gov/programs-surveys/decennial/2020/data/01-Redistricting_File--PL_94-171/Vermont/vt2020.pl.zip,https://www2.census.gov/geo/tiger/TIGER2020PL/STATE/50_VERMONT/50/tl_2020_50_state20.zip,https://www2.census.gov/geo/tiger/TIGER2020PL/STATE/50_VERMONT/50/tl_2020_50_county20.zip,https://www2.census.gov/geo/tiger/TIGER2020PL/STATE/50_VERMONT/50/tl_2020_50_tract20.zip,https://www2.census.gov/geo/tiger/TIGER2020PL/STATE/50_VERMONT/50/tl_2020_50_bg20.zip,https://www2.census.gov/geo/tiger/TIGER2020PL/STATE/50_VERMONT/50/tl_2020_50_tabblock20.zip,https://www2.census.gov/geo/tiger/TIGER2020PL/STATE/50_VERMONT/50/tl_2020_50_place20.zip
va,https://www2.census.gov/programs-surveys/decennial/2020/data/01-Redistricting_File--PL_94-171/Virginia/va2020.pl.zip,https://www2.census.gov/geo/tiger/TIGER2020PL/STATE/51_VIRGINIA/51/tl_2020_51_state20.zip,https://www2.census.gov/geo/tiger/TIGER2020PL/STATE/51_VIRGINIA/51/tl_2020_51_county20.zip,https://www2.census.gov/geo/tiger/TIGER2020PL/STATE/51_VIRGINIA/51/tl_2020_51_tract20.zip,https://www2.census.gov/geo/tiger/TIGER2020PL/STATE/51_VIRGINIA/51/tl_2020_51_bg20.zip,https://www2.census.gov/geo/tiger/TIGER2020PL/STATE/51_VIRGINIA/51/tl_2020_51_tabblock20.zip,https://www2.census.gov/geo/tiger/TIGER2020PL/STATE/51_VIRGINIA/51/tl_2020_51_place20.zip
wa,https://www2.census.gov/programs-surveys/decennial/2020/data/01-Redistricting_File--PL_94-171/Washington/wa2020.pl.zip,https://www2.census.gov/geo/tiger/TIGER2020PL/STATE/53_WASHINGTON/53/tl_2020_53_state20.zip,https://www2.census.gov/geo/tiger/TIGER2020PL/STATE/53_WASHINGTON/53/tl_2020_53_county20.zip,https://www2.census.gov/geo/tiger/TIGER2020PL/STATE/53_WASHINGTON/53/tl_2020_53_tract20.zip,https://www2.census.gov/geo/tiger/TIGER2020PL/STATE/53_WASHINGTON/53/tl_2020_53_bg20.zip,https://www2.census.gov/geo/tiger/TIGER2020PL/STATE/53_WASHINGTON/53/tl_2020_53_tabblock20.zip,https://www2.census.gov/geo/tiger/TIGER2020PL/STATE/53_WASHINGTON/53/tl_2020_53_place20.zip
wv,https://www2.census.gov/programs-surveys/decennial/2020/data/01-Redistricting_File--PL_94-171/West_Virginia/wv2020.pl.zip,https://www2.census.gov/geo/tiger/TIGER2020PL/STATE/54_WEST_VIRGINIA/54/tl_2020_54_state20.zip,https://www2.census.gov/geo/tiger/TIGER2020PL/STATE/54_WEST_VIRGINIA/54/tl_2020_54_county20.zip,https://www2.census.gov/geo/tiger/TIGER2020PL/STATE/54_WEST_VIRGINIA/54/tl_2020_54_tract20.zip,https://www2.census.gov/geo/tiger/TIGER2020PL/STATE/54_WEST_VIRGINIA/54/tl_2020_54_bg20.zip,https://www2.census.gov/geo/tiger/TIGER2020PL/STATE/54_WEST_VIRGINIA/54/tl_2020_54_tabblock20.zip,https://www2.census.gov/geo/tiger/TIGER2020PL/STATE/54_WEST_VIRGINIA/54/tl_2020_54_place20.zip
wi,https://www2.census.gov/programs-surveys/decennial/2020/data/01-Redistricting_File--PL_94-171/Wisconsin/wi2020.pl.zip,https://www2.census.gov/geo/tiger/TIGER2020PL/STATE/55_WISCONSIN/55/tl_2020_55_state20.zip,https://www2.census.gov/geo/tiger/TIGER2020PL/STATE/55_WISCONSIN/55/tl_2020_55_county20.zip,https://www2.census.gov/geo/tiger/TIGER2020PL/STATE/55_WISCONSIN/55/tl_2020_55_tract20.zip,https://www2.census.gov/geo/tiger/TIGER2020PL/STATE/55_WISCONSIN/55/tl_2020_55_bg20.zip,https://www2.census.gov/geo/tiger/TIGER2020PL/STATE/55_WISCONSIN/55/tl_2020_55_tabblock20.zip,https://www2.census.gov/geo/tiger/TIGER2020PL/STATE/55_WISCONSIN/55/tl_2020_55_place20.zip
wy,https://www2.census.gov/programs-surveys/decennial/2020/data/01-Redistricting_File--PL_94-171/Wyoming/wy2020.pl.zip,https://www2.census.gov/geo/tiger/TIGER2020PL/STATE/56_WYOMING/56/tl_2020_56_state20.zip,https://www2.census.gov/geo/tiger/TIGER2020PL/STATE/56_WYOMING/56/tl_2020_56_county20.zip,https://www2.census.gov/geo/tiger/TIGER2020PL/STATE/56_WYOMING/56/tl_2020_56_tract20.zip,https://www2.census.gov/geo/tiger/TIGER2020PL/STATE/56_WYOMING/56/tl_2020_56_bg20.zip,https://www2.census.gov/geo/tiger/TIGER2020PL/STATE/56_WYOMING/56/tl_2020_56_tabblock20.zip,https://www2.census.gov/geo/tiger/TIGER2020PL/STATE/56_WYOMING/56/tl_2020_56_place20.zip